FOR_CATEGORY,FOR_TYPE,area_ha,percent_of_forest
Native forest,Eucalypt Medium Woodland,54377578,40.712506588562256
Native forest,Eucalypt Medium Open,20087897,15.039813633532187
Native forest,Acacia,10895217,8.157251760943003
Native forest,Eucalypt Mallee Woodland,9925054,7.430890474136899
Native forest,Eucalypt Low Woodland,8271417,6.192812028318839
Native forest,Melaleuca,7193189,5.385542448309734
Native forest,Other native forest,4700616,3.5193524042262636
Native forest,Eucalypt Tall Open,4404748,3.297835956779031
Native forest,Rainforest,3442271,2.577229180143271
Native forest,Eucalypt Tall Woodland,2391605,1.7905952765998225
Native forest,Callitris,1993462,1.4925055104338867
Native forest,Mangrove,1109811,0.8309157802055631
Native forest,Casuarina,1086276,0.813295119672249
Commercial plantation,Softwood plantation,1060111,0.7937053774647213
Native forest,Eucalypt Low Open,1007181,0.7540766728958528
Commercial plantation,Hardwood plantation,738520,0.5529301133232708
Native forest,Eucalypt Mallee Open,492759,0.36892878962121756
Other forest,Other forest - unallocated type,242578,0.18161821078607537
Native forest,Eucalypt Tall Closed,73897,0.055326702843863054
Native forest,Eucalypt Medium Closed,26481,0.019826331488535902
Commercial plantation,Mixed species plantation,22222,0.016637617096720094
Native forest,Eucalypt Low Closed,21910,0.016404022616737342
