STATE,FOREST,area_ha,forest_status,percent_of_state
 ,0,5875,Non-forest,100.0
ACT,0,93108,Non-forest,39.455886092041695
ACT,1,142872,Forest,60.5441139079583
NSW,0,59846427,Non-forest,74.68614968801664
NSW,1,20284129,Forest,25.31385031198336
NT,0,111504356,Non-forest,82.6954360191643
NT,1,23333020,Forest,17.3045639808357
Qld,0,121025349,Non-forest,69.95610145184055
Qld,1,51976500,Forest,30.043898548159447
SA,0,93298660,Non-forest,94.78686014991514
SA,1,5131291,Forest,5.2131398500848585
Tas,0,3121881,Non-forest,45.71481245669228
Tas,1,3707155,Forest,54.28518754330772
Vic,0,14518541,Non-forest,63.83962244654323
Vic,1,8223669,Forest,36.16037755345677
WA,0,231935781,Non-forest,91.78234896450836
WA,1,20766164,Forest,8.217651035491635
