HT_CODE,COVER_CODE,area_ha,height_class,cover_class,percent_of_forest
1,1,28521759,Low (2–10 m),Woodland (20–50%),21.354248274994607
1,2,6313597,Low (2–10 m),Open (>50–80%),4.726991692421956
1,3,337750,Low (2–10 m),Closed (>80%),0.2528735115838904
2,1,61558208,Medium (>10–30 m),Woodland (20–50%),46.08864611035243
2,2,23017753,Medium (>10–30 m),Open (>50–80%),17.233397571815328
2,3,2105563,Medium (>10–30 m),Closed (>80%),1.576435557871535
3,1,2914480,Tall (>30 m),Woodland (20–50%),2.1820719231414265
3,2,4532143,Tall (>30 m),Open (>50–80%),3.393216625937373
3,3,108613,Tall (>30 m),Closed (>80%),0.08131858094348211
4,4,1820853,Plantation,Plantation,1.3632731078847122
5,1,3032,Unknown (≥2 m),Woodland (20–50%),0.002270059177268262
5,5,2331049,Unknown (≥2 m),Unknown (≥20%),1.7452569838759913
