state,longitude,latitude,dot_mha
New South Wales,141.51131,-33.34553,0.5
New South Wales,146.08286,-34.62249,0.5
New South Wales,149.49228,-29.29293,0.5
New South Wales,147.45641,-31.5551,0.5
New South Wales,149.68964,-31.97607,0.5
New South Wales,148.19783,-29.58674,0.5
New South Wales,142.78722,-30.31408,0.5
New South Wales,143.82206,-30.12564,0.5
New South Wales,144.04203,-31.96601,0.5
New South Wales,145.38793,-31.65881,0.5
New South Wales,145.4124,-29.8355,0.5
New South Wales,152.03455,-31.82596,0.5
New South Wales,148.98006,-34.29862,0.5
New South Wales,147.84396,-31.73556,0.5
New South Wales,148.24243,-34.86259,0.5
New South Wales,148.7871,-29.85865,0.5
New South Wales,144.84175,-30.92558,0.5
New South Wales,142.4691,-29.50893,0.5
New South Wales,144.57656,-34.10492,0.5
New South Wales,146.90065,-34.99869,0.5
New South Wales,146.81655,-32.89866,0.5
New South Wales,144.77397,-33.05725,0.5
New South Wales,148.03166,-32.92942,0.5
New South Wales,149.7033,-35.67079,0.5
New South Wales,151.14795,-31.86313,0.5
New South Wales,143.36314,-29.46855,0.5
New South Wales,149.30636,-31.57824,0.5
New South Wales,141.15218,-30.7922,0.5
New South Wales,148.39852,-30.70643,0.5
New South Wales,145.87418,-32.59922,0.5
New South Wales,149.22908,-32.0999,0.5
New South Wales,148.12737,-31.31919,0.5
New South Wales,145.32309,-34.0205,0.5
New South Wales,147.9947,-35.09653,0.5
New South Wales,144.27427,-31.53641,0.5
New South Wales,145.404,-29.09788,0.5
New South Wales,146.27501,-32.20435,0.5
New South Wales,150.51161,-33.92541,0.5
New South Wales,151.19303,-31.7751,0.5
New South Wales,149.13154,-29.41805,0.5
New South Wales,144.35029,-34.84359,0.5
Victoria,147.77917,-36.70132,0.5
Victoria,144.3745,-35.90231,0.5
Victoria,144.38235,-36.69081,0.5
Victoria,145.72453,-38.32625,0.5
Victoria,142.86258,-35.00954,0.5
Victoria,141.48724,-38.23681,0.5
Victoria,143.0894,-36.77242,0.5
Victoria,148.14531,-36.71768,0.5
Victoria,141.26806,-35.0949,0.5
Victoria,141.99772,-36.7079,0.5
Victoria,145.33764,-36.02754,0.5
Victoria,146.39661,-38.96145,0.5
Victoria,147.15533,-36.92623,0.5
Victoria,145.0625,-36.62701,0.5
Victoria,145.41022,-36.12303,0.5
Victoria,141.10398,-35.79332,0.5
Queensland,142.83548,-13.06676,0.5
Queensland,139.46149,-18.49641,0.5
Queensland,146.94969,-19.77413,0.5
Queensland,140.9183,-20.76037,0.5
Queensland,147.11546,-28.97075,0.5
Queensland,143.30567,-19.28313,0.5
Queensland,144.03961,-22.46063,0.5
Queensland,145.90496,-27.70823,0.5
Queensland,140.42505,-20.22142,0.5
Queensland,147.98309,-28.98938,0.5
Queensland,145.84333,-28.6507,0.5
Queensland,141.80711,-21.57854,0.5
Queensland,138.93016,-18.52156,0.5
Queensland,141.05885,-28.94596,0.5
Queensland,141.66551,-16.70625,0.5
Queensland,146.13917,-23.91014,0.5
Queensland,143.97317,-23.73851,0.5
Queensland,138.12452,-25.64335,0.5
Queensland,147.51134,-19.78158,0.5
Queensland,150.94825,-27.90157,0.5
Queensland,145.43509,-22.65853,0.5
Queensland,149.52824,-27.15724,0.5
Queensland,148.71984,-24.37063,0.5
Queensland,142.57894,-12.09197,0.5
Queensland,144.84958,-18.92202,0.5
Queensland,141.3806,-26.42293,0.5
Queensland,147.14226,-21.81934,0.5
Queensland,141.09323,-20.45214,0.5
Queensland,141.63613,-25.95987,0.5
Queensland,141.44925,-16.50499,0.5
Queensland,142.19382,-26.97556,0.5
Queensland,150.17302,-22.5736,0.5
Queensland,143.08601,-28.19528,0.5
Queensland,145.14692,-16.87742,0.5
Queensland,141.16315,-22.72504,0.5
Queensland,142.16002,-24.471,0.5
Queensland,142.70144,-17.17386,0.5
Queensland,142.00506,-25.725,0.5
Queensland,138.49592,-18.98277,0.5
Queensland,141.01044,-20.68413,0.5
Queensland,150.82104,-25.49888,0.5
Queensland,149.23166,-22.47389,0.5
Queensland,142.88476,-17.66637,0.5
Queensland,151.20375,-24.25379,0.5
Queensland,151.22804,-24.63726,0.5
Queensland,141.99236,-13.94872,0.5
Queensland,138.44196,-22.19671,0.5
Queensland,142.56877,-17.26716,0.5
Queensland,143.9627,-28.57961,0.5
Queensland,144.65601,-14.91617,0.5
Queensland,138.73379,-21.24047,0.5
Queensland,144.71436,-15.72814,0.5
Queensland,138.21924,-21.10525,0.5
Queensland,139.98717,-23.9378,0.5
Queensland,139.33917,-21.40085,0.5
Queensland,147.47222,-26.39426,0.5
Queensland,147.6779,-21.58486,0.5
Queensland,144.57378,-20.09375,0.5
Queensland,148.79157,-22.25676,0.5
Queensland,142.97386,-26.98949,0.5
Queensland,143.18106,-16.60731,0.5
Queensland,152.34255,-24.90326,0.5
Queensland,146.27971,-19.55963,0.5
Queensland,141.47298,-22.62047,0.5
Queensland,141.22318,-27.32151,0.5
Queensland,146.14567,-21.8146,0.5
Queensland,150.18404,-27.08205,0.5
Queensland,145.93101,-20.38544,0.5
Queensland,141.0229,-22.44415,0.5
Queensland,141.67237,-25.88211,0.5
Queensland,144.82134,-17.77649,0.5
Queensland,143.68086,-25.43604,0.5
Queensland,151.90994,-28.85525,0.5
Queensland,144.55669,-26.16018,0.5
Queensland,138.73458,-21.53941,0.5
Queensland,147.7413,-25.31985,0.5
Queensland,142.69791,-21.65808,0.5
Queensland,142.98774,-26.56496,0.5
Queensland,140.42408,-21.22492,0.5
Queensland,144.40128,-24.07804,0.5
Queensland,141.7273,-20.73034,0.5
Queensland,142.86014,-28.78769,0.5
Queensland,143.07913,-15.01152,0.5
Queensland,146.90393,-25.38922,0.5
Queensland,150.98281,-27.22917,0.5
Queensland,145.28306,-28.5216,0.5
Queensland,144.82156,-26.08638,0.5
Queensland,147.60048,-28.60325,0.5
Queensland,138.96667,-19.79428,0.5
Queensland,140.29576,-19.87925,0.5
Queensland,147.14476,-23.33548,0.5
Queensland,143.2809,-27.17233,0.5
Queensland,147.00993,-21.88363,0.5
Queensland,141.04619,-27.75867,0.5
Queensland,148.64098,-22.8187,0.5
Queensland,152.01351,-27.84082,0.5
Queensland,148.52724,-24.46054,0.5
Queensland,142.61489,-24.0266,0.5
Queensland,143.76216,-23.59161,0.5
Queensland,143.48817,-24.06874,0.5
Queensland,150.06264,-25.17362,0.5
Queensland,142.35049,-21.61945,0.5
Queensland,144.59403,-25.38284,0.5
Queensland,145.07264,-27.81897,0.5
South Australia,139.77295,-32.88396,0.5
South Australia,136.30869,-27.66424,0.5
South Australia,140.19662,-36.6846,0.5
South Australia,129.48305,-28.88675,0.5
South Australia,135.17993,-30.04789,0.5
South Australia,132.18156,-26.85053,0.5
South Australia,134.55348,-28.86004,0.5
South Australia,138.35382,-27.07269,0.5
South Australia,130.26766,-29.16718,0.5
South Australia,130.09537,-29.72493,0.5
Western Australia,118.06244,-31.11416,0.5
Western Australia,126.87692,-24.56489,0.5
Western Australia,125.79718,-16.4235,0.5
Western Australia,117.58228,-27.52355,0.5
Western Australia,116.86978,-31.1816,0.5
Western Australia,128.8175,-18.64638,0.5
Western Australia,114.60603,-23.01474,0.5
Western Australia,126.27789,-25.87114,0.5
Western Australia,118.18145,-27.72223,0.5
Western Australia,125.49106,-26.54963,0.5
Western Australia,128.36292,-15.93674,0.5
Western Australia,118.62676,-22.85276,0.5
Western Australia,117.14092,-31.1895,0.5
Western Australia,117.9683,-34.04408,0.5
Western Australia,116.65682,-32.78434,0.5
Western Australia,120.89829,-23.78674,0.5
Western Australia,117.80036,-32.51596,0.5
Western Australia,125.20203,-26.15065,0.5
Western Australia,118.95972,-29.52695,0.5
Western Australia,120.69742,-27.24002,0.5
Western Australia,127.64342,-25.06389,0.5
Western Australia,123.36848,-31.67909,0.5
Western Australia,127.4589,-20.41498,0.5
Western Australia,115.80944,-24.3271,0.5
Western Australia,128.64901,-16.36261,0.5
Western Australia,122.00029,-19.38764,0.5
Western Australia,127.19759,-29.08176,0.5
Western Australia,123.42999,-18.18884,0.5
Western Australia,122.03855,-28.28946,0.5
Western Australia,128.95465,-14.95289,0.5
Western Australia,126.52417,-19.03473,0.5
Western Australia,119.09199,-25.4157,0.5
Western Australia,120.29244,-23.24025,0.5
Western Australia,128.33211,-24.34523,0.5
Western Australia,118.64476,-21.18377,0.5
Western Australia,121.77886,-21.8182,0.5
Western Australia,127.66894,-21.47213,0.5
Western Australia,118.04767,-28.01695,0.5
Western Australia,128.02092,-23.72404,0.5
Western Australia,122.16994,-30.18206,0.5
Western Australia,115.87214,-26.59674,0.5
Western Australia,121.41549,-23.08295,0.5
Tasmania,146.0429,-42.67321,0.5
Tasmania,148.2398,-39.99949,0.5
Tasmania,145.0643,-41.15962,0.5
Tasmania,146.81827,-41.17769,0.5
Tasmania,147.38689,-41.74743,0.5
Tasmania,147.81943,-41.81532,0.5
Tasmania,146.87812,-41.73463,0.5
Northern Territory,135.24278,-12.97855,0.5
Northern Territory,129.70468,-25.31617,0.5
Northern Territory,129.4639,-21.23097,0.5
Northern Territory,134.87593,-19.14953,0.5
Northern Territory,135.59755,-13.03325,0.5
Northern Territory,132.7147,-19.17602,0.5
Northern Territory,133.85032,-13.46487,0.5
Northern Territory,134.86268,-20.5731,0.5
Northern Territory,130.38479,-15.33465,0.5
Northern Territory,134.7445,-12.02224,0.5
Northern Territory,129.65431,-17.23258,0.5
Northern Territory,135.85005,-21.04855,0.5
Northern Territory,134.41153,-25.77734,0.5
Northern Territory,132.63473,-18.68769,0.5
Northern Territory,135.72382,-12.08315,0.5
Northern Territory,136.79887,-16.57218,0.5
Northern Territory,132.55358,-20.10246,0.5
Northern Territory,131.83756,-21.34774,0.5
Northern Territory,134.95129,-23.25576,0.5
Northern Territory,132.65659,-12.08591,0.5
Northern Territory,137.96993,-17.62489,0.5
Northern Territory,135.85914,-15.38644,0.5
Northern Territory,136.08955,-21.18925,0.5
Northern Territory,131.35406,-25.93328,0.5
Northern Territory,129.61816,-16.2638,0.5
Northern Territory,137.51675,-17.47431,0.5
Northern Territory,133.17104,-19.81039,0.5
Northern Territory,136.42546,-12.16121,0.5
Northern Territory,133.38497,-21.34444,0.5
Northern Territory,137.22056,-24.32836,0.5
Northern Territory,132.54518,-16.42233,0.5
Northern Territory,130.88288,-17.75224,0.5
Northern Territory,129.81793,-20.7457,0.5
Northern Territory,135.55573,-19.24663,0.5
Northern Territory,131.20767,-16.53944,0.5
Northern Territory,134.19518,-12.6731,0.5
Northern Territory,130.07956,-17.26664,0.5
Northern Territory,129.63335,-18.24411,0.5
Northern Territory,132.81429,-12.38556,0.5
Northern Territory,135.75934,-22.48266,0.5
Northern Territory,136.80103,-17.6429,0.5
Northern Territory,134.19018,-20.77734,0.5
Northern Territory,135.98453,-20.99191,0.5
Northern Territory,136.99553,-24.77344,0.5
Northern Territory,135.77123,-23.00666,0.5
Northern Territory,132.28455,-17.60574,0.5
Northern Territory,130.59587,-13.73575,0.5
Australian Capital Territory,149.05803,-35.82996,0.5
