state,forest_type,longitude,latitude,dot_mha
ACT,Other forest types,148.94146495680536,-35.67559444068746,0.5
NSW,Acacia,149.218943389317,-34.63268599710685,0.5
NSW,Acacia,150.6036745804031,-34.55985125968803,0.5
NSW,Other forest types,146.9267392126487,-29.292931969214983,0.5
NSW,Other forest types,145.50585780327313,-31.55510401621025,0.5
NSW,Other forest types,147.0644817272374,-31.976072267829235,0.5
NSW,Other forest types,150.13029095908354,-28.632402516826126,0.5
NSW,Eucalypt Low Woodland,149.00608967623253,-33.227668227204106,0.5
NSW,Eucalypt Low Woodland,146.02331039321413,-29.586737291865035,0.5
NSW,Eucalypt Low Woodland,142.24712500466026,-30.314079078969886,0.5
NSW,Eucalypt Low Woodland,142.96935949409124,-30.125641403050313,0.5
NSW,Eucalypt Mallee Woodland,143.1228820398342,-31.966013019418845,0.5
NSW,Eucalypt Mallee Woodland,144.0622173884092,-31.658807027238943,0.5
NSW,Eucalypt Mallee Woodland,144.07929662971614,-29.83549628076282,0.5
NSW,Eucalypt Medium Open,148.7010452910114,-31.825963692106793,0.5
NSW,Eucalypt Medium Open,151.1713480955137,-29.28400904099854,0.5
NSW,Eucalypt Medium Open,146.569246427404,-34.29862282322914,0.5
NSW,Eucalypt Medium Open,145.77633823014088,-31.735564763083225,0.5
NSW,Eucalypt Medium Open,146.0544370936428,-34.86259409124157,0.5
NSW,Eucalypt Medium Open,146.43457915858502,-29.85865474471234,0.5
NSW,Eucalypt Medium Open,143.68102834574418,-30.92557954817156,0.5
NSW,Eucalypt Medium Open,142.0251019454045,-29.508928614721142,0.5
NSW,Eucalypt Medium Open,151.68531919910842,-30.18720047583579,0.5
NSW,Eucalypt Medium Open,143.4959441216017,-34.104924956731196,0.5
NSW,Eucalypt Medium Woodland,149.86573610782224,-34.95112378931775,0.5
NSW,Eucalypt Medium Woodland,145.1179822407657,-34.99869389870924,0.5
NSW,Eucalypt Medium Woodland,145.05928636930713,-32.89865744150856,0.5
NSW,Eucalypt Medium Woodland,152.14099337769167,-31.22553826645901,0.5
NSW,Eucalypt Medium Woodland,148.2691740712992,-35.766550728655766,0.5
NSW,Eucalypt Medium Woodland,143.633718327709,-33.05724723731693,0.5
NSW,Eucalypt Medium Woodland,145.907333767966,-32.92942376638049,0.5
NSW,Eucalypt Medium Woodland,147.0740101721123,-35.67079269597919,0.5
NSW,Eucalypt Medium Woodland,148.08226657563733,-31.863126776151333,0.5
NSW,Eucalypt Medium Woodland,149.67296134477624,-34.43673165479984,0.5
NSW,Other forest types,149.16383586086272,-34.36442673287911,0.5
NSW,Other forest types,142.6490685189109,-29.46855172084064,0.5
NSW,Other forest types,146.7969820444147,-31.57823714833306,0.5
NSW,Other forest types,148.82484251578066,-36.08834994735192,0.5
NSW,Other forest types,141.10599153502173,-30.792195014052357,0.5
NSW,Other forest types,146.16337880292383,-30.706434137763782,0.5
NSW,Other forest types,144.40158326308187,-32.59922463423032,0.5
NSW,Other forest types,146.74304267343868,-32.099901170852085,0.5
NT,Acacia,132.54239916431507,-16.05397602843327,0.5
NT,Acacia,137.3792030796389,-25.09511700947588,0.5
NT,Acacia,137.61536015443522,-21.55283088419128,0.5
NT,Other forest types,137.23753903606143,-25.7964567007729,0.5
NT,Eucalypt Low Woodland,131.14900591857887,-20.396693008555893,0.5
NT,Eucalypt Low Woodland,132.4764767408552,-22.126561900185582,0.5
NT,Eucalypt Low Woodland,136.2354305757233,-24.77862874522956,0.5
NT,Eucalypt Low Woodland,130.62786204579396,-16.403188820882622,0.5
NT,Eucalypt Low Woodland,131.18920440569045,-12.482939086527582,0.5
NT,Eucalypt Low Woodland,131.803067834798,-25.903470577271715,0.5
NT,Eucalypt Low Woodland,130.133317282122,-22.25429813726311,0.5
NT,Eucalypt Low Woodland,135.39478344320077,-24.817424139920355,0.5
NT,Eucalypt Medium Open,137.45323038731786,-22.52426010175741,0.5
NT,Eucalypt Medium Open,129.5472798544123,-23.902473894564263,0.5
NT,Eucalypt Medium Open,131.62199518523178,-17.476993161801698,0.5
NT,Eucalypt Medium Open,131.26833955678745,-23.65765010291724,0.5
NT,Eucalypt Medium Open,136.4344714017329,-20.54226649759907,0.5
NT,Eucalypt Medium Open,133.72708011513242,-20.24382262834122,0.5
NT,Eucalypt Medium Open,134.06566520458185,-16.786915402680165,0.5
NT,Eucalypt Medium Open,133.0413509937306,-12.9976486214879,0.5
NT,Eucalypt Medium Open,130.66563786839464,-21.719914686090938,0.5
NT,Eucalypt Medium Open,132.2676334940727,-15.045849545600957,0.5
NT,Eucalypt Medium Open,131.09107714096058,-12.481319220613804,0.5
NT,Eucalypt Medium Open,135.80545217183868,-18.866017888270186,0.5
NT,Eucalypt Medium Woodland,135.197006775106,-12.619309033184885,0.5
NT,Eucalypt Medium Woodland,132.40608297970863,-16.547179467058374,0.5
NT,Eucalypt Medium Woodland,132.41392171524748,-18.83551992518691,0.5
NT,Eucalypt Medium Woodland,133.75401051423458,-23.58185405782023,0.5
NT,Eucalypt Medium Woodland,133.7472549460269,-12.50502543472974,0.5
NT,Eucalypt Medium Woodland,130.89651259498996,-13.956213577366062,0.5
NT,Eucalypt Medium Woodland,130.60725380504545,-25.193234848809333,0.5
NT,Eucalypt Medium Woodland,129.52331891812514,-23.322268827423947,0.5
NT,Eucalypt Medium Woodland,131.12298415403055,-19.072365771934912,0.5
NT,Eucalypt Medium Woodland,134.80668079222394,-14.700059637239404,0.5
NT,Eucalypt Medium Woodland,136.17102451316728,-18.913511321730656,0.5
NT,Eucalypt Medium Woodland,130.03299944141088,-18.885141292275133,0.5
NT,Eucalypt Medium Woodland,133.36772665852885,-16.910595231532405,0.5
NT,Eucalypt Medium Woodland,135.83550918427022,-14.077579415703283,0.5
NT,Eucalypt Medium Woodland,134.42504048150272,-25.425313884293224,0.5
NT,Eucalypt Medium Woodland,135.1825812188245,-19.518767611642183,0.5
NT,Eucalypt Medium Woodland,133.0930065380252,-18.650358230427322,0.5
NT,Eucalypt Medium Woodland,133.44019373575694,-17.187745239632328,0.5
NT,Other forest types,132.58657282121996,-12.954408053086674,0.5
NT,Other forest types,129.14065471237242,-16.23085346515144,0.5
NT,Other forest types,131.8005168329871,-13.913530980341243,0.5
NT,Other forest types,133.39002851280446,-13.452021126510944,0.5
NT,Other forest types,129.84899884257683,-17.986003478894396,0.5
Qld,Acacia,146.94969164942682,-20.231038952967953,0.5
Qld,Acacia,140.91830255889226,-21.169370561532233,0.5
Qld,Acacia,147.95129410634829,-20.119579266120425,0.5
Qld,Acacia,147.11545714794985,-28.980878992714345,0.5
Qld,Acacia,143.3056686752871,-19.763892776352,0.5
Qld,Acacia,144.039606410071,-22.787023152110407,0.5
Qld,Acacia,145.90496001656797,-27.77969365286888,0.5
Qld,Acacia,140.42504506669462,-20.656601525042625,0.5
Qld,Acacia,147.98309106973437,-28.998606435433427,0.5
Qld,Acacia,145.8433334294563,-28.676379096235404,0.5
Qld,Other forest types,141.8071085820981,-21.947793595874778,0.5
Qld,Eucalypt Low Woodland,138.93016158276416,-19.03932336995849,0.5
Qld,Eucalypt Low Woodland,141.0588453339664,-28.957297797227927,0.5
Qld,Eucalypt Low Woodland,141.66550791881272,-17.31219811625494,0.5
Qld,Eucalypt Medium Open,146.1391724702475,-24.166121753426022,0.5
Qld,Eucalypt Medium Open,143.9731737483569,-24.002829128235142,0.5
Qld,Eucalypt Medium Open,138.1245214399161,-25.815127155213077,0.5
Qld,Eucalypt Medium Open,147.51133924769624,-20.23812704484244,0.5
Qld,Eucalypt Medium Open,150.9482485170226,-27.963640898396438,0.5
Qld,Eucalypt Medium Open,145.43508535936405,-22.9753141941954,0.5
Qld,Eucalypt Medium Open,149.52824049017735,-27.255469596621136,0.5
Qld,Eucalypt Medium Woodland,148.71984414028924,-24.604233661519757,0.5
Qld,Eucalypt Medium Woodland,142.57893971742575,-12.922080027240941,0.5
Qld,Eucalypt Medium Woodland,144.84958266961482,-19.420322956511274,0.5
Qld,Eucalypt Medium Woodland,141.38059835917085,-26.556837835562806,0.5
Qld,Eucalypt Medium Woodland,147.14225725342655,-22.176889716281202,0.5
Qld,Eucalypt Medium Woodland,141.09323440200748,-20.8761073418163,0.5
Qld,Eucalypt Medium Woodland,141.6361326640616,-26.11626663537907,0.5
Qld,Eucalypt Medium Woodland,150.29083835868494,-22.651227243416862,0.5
Qld,Eucalypt Medium Woodland,141.44924954670986,-17.120714417448717,0.5
Qld,Eucalypt Medium Woodland,142.19382152962766,-27.0826134454348,0.5
Qld,Eucalypt Medium Woodland,150.17301652537364,-22.894509818521286,0.5
Qld,Eucalypt Medium Woodland,143.08601239611642,-28.243085959033067,0.5
Qld,Eucalypt Medium Woodland,145.14691662782454,-17.475050694952422,0.5
Qld,Eucalypt Medium Woodland,141.1631452937892,-23.038593108090136,0.5
Qld,Eucalypt Medium Woodland,142.16002259718553,-24.699729283291454,0.5
Qld,Eucalypt Medium Woodland,142.70144235078456,-17.7570905415285,0.5
Qld,Eucalypt Medium Woodland,142.00505657010976,-25.89281279980145,0.5
Qld,Eucalypt Medium Woodland,138.49592300765832,-19.478123659328027,0.5
Qld,Eucalypt Medium Woodland,141.01043632810922,-21.096834377659192,0.5
Qld,Eucalypt Medium Woodland,150.8210354553756,-25.677674205380335,0.5
Qld,Eucalypt Medium Woodland,149.23165839873988,-22.799640602370072,0.5
Qld,Eucalypt Medium Woodland,142.88476349344438,-18.225673459897376,0.5
Qld,Eucalypt Medium Woodland,151.2037493986664,-24.493075008979716,0.5
Qld,Eucalypt Medium Woodland,151.22803521575932,-24.857909978993458,0.5
Qld,Eucalypt Medium Woodland,141.9923629588959,-14.688627728568214,0.5
Qld,Eucalypt Medium Woodland,138.44195913216717,-22.535929423687033,0.5
Qld,Eucalypt Medium Woodland,142.5687670780857,-17.845862191681555,0.5
Qld,Eucalypt Medium Woodland,143.96269970696932,-28.60874586133152,0.5
Qld,Eucalypt Medium Woodland,144.65601470020727,-15.609083843650158,0.5
Qld,Eucalypt Medium Woodland,138.73378657774043,-21.626142840657565,0.5
Qld,Eucalypt Medium Woodland,144.71435850311755,-16.38160277286655,0.5
Qld,Eucalypt Medium Woodland,138.21923756609272,-21.497494190281543,0.5
Qld,Eucalypt Medium Woodland,139.9871722922724,-24.19243052248414,0.5
Qld,Eucalypt Medium Woodland,139.33917002811452,-21.7787311039043,0.5
Qld,Eucalypt Medium Woodland,147.47221547113546,-26.52955733989478,0.5
Qld,Eucalypt Medium Woodland,147.67790136051332,-21.953803691437077,0.5
Qld,Eucalypt Medium Woodland,144.57378073760793,-20.5351359770019,0.5
Qld,Eucalypt Medium Woodland,148.79156783618927,-22.593064965623988,0.5
Qld,Eucalypt Medium Woodland,142.97385671456132,-27.095866044229293,0.5
Qld,Eucalypt Medium Woodland,143.18105817356815,-17.218061066305868,0.5
Qld,Eucalypt Medium Woodland,152.3425540432803,-25.110993096601668,0.5
Qld,Eucalypt Medium Woodland,146.27971265899342,-20.02695970181721,0.5
Qld,Eucalypt Medium Woodland,141.47298209782105,-22.93910011300582,0.5
Qld,Eucalypt Medium Woodland,150.01399928340896,-22.342622896982654,0.5
Qld,Eucalypt Medium Woodland,141.22317616041798,-27.411764960095237,0.5
Qld,Eucalypt Medium Woodland,146.14567194876932,-22.172385327295558,0.5
Qld,Eucalypt Medium Woodland,150.18403652371006,-27.183929235991886,0.5
Qld,Eucalypt Medium Woodland,138.4987993005512,-16.829149439526923,0.5
Qld,Eucalypt Medium Woodland,145.93100833655996,-20.8126483668264,0.5
Qld,Eucalypt Medium Woodland,140.76879382854733,-17.56874526951517,0.5
Qld,Eucalypt Medium Woodland,141.02289731680344,-22.77134719419295,0.5
Qld,Eucalypt Medium Woodland,141.6723695233843,-26.042285494101233,0.5
Qld,Eucalypt Medium Woodland,144.82133815781185,-18.330447447671467,0.5
Qld,Eucalypt Medium Woodland,143.68086080348135,-25.617885716836213,0.5
Qld,Eucalypt Medium Woodland,151.90993848427888,-28.870988600564615,0.5
Qld,Eucalypt Medium Woodland,144.55669399789545,-26.306851607100434,0.5
Qld,Other forest types,138.73457947139556,-21.910556439709808,0.5
Qld,Other forest types,147.741296763646,-25.50734040432542,0.5
Qld,Other forest types,142.6979091609208,-22.02346752303309,0.5
Qld,Other forest types,142.98774407673884,-26.691963701930927,0.5
Qld,Other forest types,140.4240763232255,-21.611349564247803,0.5
Qld,Other forest types,144.4012772926338,-24.32585867955705,0.5
Qld,Other forest types,149.25967838573123,-21.260002590016214,0.5
Qld,Other forest types,141.72729818180042,-21.14079527340597,0.5
Qld,Other forest types,142.86013980335986,-28.806710374817477,0.5
Qld,Other forest types,143.07913036942554,-15.69980198026737,0.5
Qld,Other forest types,146.90392667316382,-25.573338899319854,0.5
Qld,Other forest types,150.98281214139408,-27.323911289372028,0.5
Qld,Other forest types,145.28305905195444,-28.55355094136253,0.5
Qld,Other forest types,144.16124791052363,-14.45147487360722,0.5
Qld,Other forest types,144.82155699902532,-26.23663672360986,0.5
Qld,Other forest types,147.6004799984812,-28.631237001310094,0.5
Qld,Other forest types,138.96667258246006,-20.250209580098208,0.5
Qld,Other forest types,140.29576010378307,-20.331055101839294,0.5
Qld,Other forest types,147.14476379528412,-23.619377722129858,0.5
Qld,Other forest types,143.28089593196742,-27.26983233342652,0.5
Qld,Other forest types,147.00992520257097,-22.238061576782894,0.5
Qld,Other forest types,141.04619011078893,-27.82768070079746,0.5
Qld,Other forest types,148.64098360249045,-23.127699585976288,0.5
Qld,Other forest types,152.01350522409797,-27.905846029670172,0.5
Qld,Other forest types,148.52723879929445,-24.6897828086476,0.5
Qld,Other forest types,142.61488631606255,-24.27691801932721,0.5
Qld,Other forest types,143.76216133955617,-23.86306290580277,0.5
SA,Other forest types,135.50353322953288,-28.75426462296428,0.5
SA,Other forest types,136.6263383500325,-30.639876249631627,0.5
SA,Eucalypt Mallee Woodland,138.84432700137833,-28.89815483592541,0.5
SA,Eucalypt Mallee Woodland,136.44872802195275,-30.11592030996606,0.5
SA,Eucalypt Mallee Woodland,130.43014242439244,-29.95538434273947,0.5
SA,Eucalypt Mallee Woodland,140.9652799258417,-32.35891839649835,0.5
SA,Eucalypt Mallee Woodland,136.9325449877993,-32.1011642020633,0.5
SA,Eucalypt Mallee Woodland,137.4363515348452,-32.499877908175385,0.5
SA,Eucalypt Mallee Woodland,139.772953960711,-32.88331198599638,0.5
SA,Eucalypt Medium Woodland,136.3086922883772,-27.66407950824777,0.5
Tas,Eucalypt Medium Open,146.93750844209345,-42.43110983481562,0.5
Tas,Eucalypt Medium Woodland,146.9064937672896,-43.18665037840134,0.5
Tas,Eucalypt Medium Woodland,147.86761220004374,-41.634815505197025,0.5
Tas,Other forest types,147.69444991771164,-41.88167359354101,0.5
Tas,Other forest types,147.46700003629806,-42.0098972876241,0.5
Tas,Other forest types,145.48272230924718,-41.31125155547477,0.5
Tas,Other forest types,146.13935770445542,-41.48775724820503,0.5
Vic,Eucalypt Mallee Woodland,143.69774074176527,-38.49011889700703,0.5
Vic,Eucalypt Mallee Woodland,147.84636172795675,-36.96550721484284,0.5
Vic,Eucalypt Medium Open,144.3475601190994,-37.774193293383775,0.5
Vic,Eucalypt Medium Open,145.3215384505123,-37.22643052517304,0.5
Vic,Eucalypt Medium Open,141.85586106593735,-37.83744211472337,0.5
Vic,Eucalypt Medium Open,146.8186634666916,-38.289672789939644,0.5
Vic,Eucalypt Medium Open,142.58183270406138,-36.52873050616388,0.5
Vic,Eucalypt Medium Open,141.69081963891313,-36.07108729533525,0.5
Vic,Eucalypt Medium Open,142.09712501560375,-34.60654808665168,0.5
Vic,Eucalypt Medium Woodland,148.9648722959318,-37.667562783463374,0.5
Vic,Eucalypt Medium Woodland,141.39808530950805,-38.23284538849794,0.5
Vic,Eucalypt Medium Woodland,146.07323739902733,-37.4777920160047,0.5
Vic,Other forest types,144.42169872081823,-36.78947137563264,0.5
Vic,Other forest types,145.09454621954626,-36.26841070619649,0.5
Vic,Other forest types,144.1710244904812,-35.77584359844137,0.5
Vic,Other forest types,143.83635785633408,-37.4125204721725,0.5
WA,Acacia,128.02092236359744,-23.725385861641442,0.5
WA,Acacia,122.16993775860989,-30.15048152079709,0.5
WA,Acacia,115.87213914430863,-26.583442542078757,0.5
WA,Acacia,121.4154922041394,-23.087559348583476,0.5
WA,Acacia,120.55166309754856,-30.110201311867996,0.5
WA,Acacia,126.59785175528175,-16.377633161775098,0.5
WA,Acacia,128.11147112144167,-17.49542433261247,0.5
WA,Eucalypt Low Woodland,115.27651060803768,-28.415875217873136,0.5
WA,Eucalypt Low Woodland,117.18416903401703,-22.96900859749624,0.5
WA,Eucalypt Mallee Woodland,123.21982107410653,-23.054258987840665,0.5
WA,Eucalypt Mallee Woodland,125.17652061735775,-25.74231123075464,0.5
WA,Eucalypt Mallee Woodland,124.47592281231655,-20.584481687628546,0.5
WA,Eucalypt Mallee Woodland,114.98787362351207,-24.045843934239034,0.5
WA,Eucalypt Mallee Woodland,126.66492194887473,-26.0626227407089,0.5
WA,Eucalypt Mallee Woodland,123.42578368424098,-25.68194845876088,0.5
WA,Eucalypt Mallee Woodland,124.07669836908188,-16.678391416723116,0.5
WA,Eucalypt Medium Open,123.4211741821582,-25.425842227073844,0.5
WA,Eucalypt Medium Open,124.71064564983509,-16.75593119156259,0.5
WA,Eucalypt Medium Open,119.55926527032142,-25.463390608316857,0.5
WA,Eucalypt Medium Open,123.39749658346432,-27.443770318864246,0.5
WA,Eucalypt Medium Woodland,128.79166874000634,-15.618264600671083,0.5
WA,Eucalypt Medium Woodland,114.09063012192482,-22.70853898415127,0.5
WA,Eucalypt Medium Woodland,125.16183651353045,-28.117717847884553,0.5
WA,Eucalypt Medium Woodland,119.41635122161627,-24.77117259126871,0.5
WA,Eucalypt Medium Woodland,124.93628607234808,-15.409148788338857,0.5
WA,Eucalypt Medium Woodland,126.85729753264704,-21.77240527745502,0.5
WA,Eucalypt Medium Woodland,119.27134416316935,-26.77662262049515,0.5
WA,Eucalypt Medium Woodland,117.99188762914584,-28.541830155694257,0.5
WA,Eucalypt Medium Woodland,123.55583798543744,-31.246466886560576,0.5
WA,Eucalypt Medium Woodland,128.94986617132872,-23.264642757346724,0.5
WA,Eucalypt Medium Woodland,125.17807717199624,-20.091609137803577,0.5
WA,Eucalypt Medium Woodland,125.58980089561928,-28.317158862375553,0.5
WA,Eucalypt Medium Woodland,117.12791981761369,-35.041883826489084,0.5
WA,Eucalypt Medium Woodland,128.14008192106635,-23.05118868312817,0.5
WA,Eucalypt Medium Woodland,120.37469371346941,-26.362614532146615,0.5
WA,Eucalypt Medium Woodland,126.19004510141843,-15.519803746880338,0.5
WA,Eucalypt Medium Woodland,120.75697176576679,-28.537154040971426,0.5
WA,Eucalypt Medium Woodland,119.25634036420573,-21.559993478227447,0.5
WA,Eucalypt Medium Woodland,116.28596833763855,-23.445154681268264,0.5
WA,Eucalypt Medium Woodland,114.38300352026843,-27.68842973474088,0.5
WA,Other forest types,124.63591739990193,-25.56347859768569,0.5
WA,Other forest types,116.8663273569884,-21.725994636634695,0.5
