mvg,mvg_name,family,pre1750_mha,extant_mha,change_mha,absolute_change_mha,retention_pct
1,Rainforests,Rainforest,5.032588,3.739713,-1.292875,1.292875,74.31
2,Tall eucalypt forests,Eucalypt forest & woodland,4.373866,7.664024,3.290158,3.290158,175.223
3,Eucalypt open forests,Eucalypt forest & woodland,33.208267,20.89747,-12.310797,12.310797,62.929
4,Low eucalypt forests,Eucalypt forest & woodland,1.229184,2.112693,0.883509,0.883509,171.878
5,Eucalypt woodlands,Eucalypt forest & woodland,129.108989,89.341449,-39.76754,39.76754,69.198
6,Acacia forests & woodlands,Acacia,46.41078,41.094444,-5.316336,5.316336,88.545
7,Callitris forests & woodlands,Other forest & woodland,4.219177,1.869266,-2.349911,2.349911,44.304
8,Casuarina forests & woodlands,Other forest & woodland,3.106419,3.288341,0.181922,0.181922,105.856
9,Melaleuca forests & woodlands,Other forest & woodland,8.505279,9.562796,1.057517,1.057517,112.434
10,Other forests & woodlands,Other forest & woodland,5.040727,5.358893,0.318166,0.318166,106.312
11,Eucalypt open woodlands,Eucalypt forest & woodland,52.677623,34.802213,-17.87541,17.87541,66.066
12,Tropical eucalypt woodlands,Eucalypt forest & woodland,13.854271,15.207009,1.352738,1.352738,109.764
13,Acacia open woodlands,Acacia,39.503042,31.180996,-8.322046,8.322046,78.933
14,Mallee woodlands,Shrubland,31.821768,20.598808,-11.22296,11.22296,64.732
15,Low closed forests / tall shrublands,Shrubland,2.975463,1.875203,-1.10026,1.10026,63.022
16,Acacia shrublands,Acacia,87.539536,79.458061,-8.081475,8.081475,90.768
17,Other shrublands,Shrubland,15.622402,11.192118,-4.430284,4.430284,71.641
18,Heathlands,Shrubland,1.852235,3.70868,1.856445,1.856445,200.227
19,Tussock grasslands,Grassland,56.798693,49.127301,-7.671392,7.671392,86.494
20,Hummock grasslands,Grassland,137.344074,141.027639,3.683565,3.683565,102.682
21,Other grasslands & sedgelands,Grassland,5.11783,10.806652,5.688822,5.688822,211.157
22,Chenopod & samphire shrublands,Shrubland,50.264954,47.289934,-2.97502,2.97502,94.081
23,Mangroves,Other forest & woodland,1.074955,1.107726,0.032771,0.032771,103.049
24,Inland aquatic,Other native vegetation,8.82178,8.219839,-0.601941,0.601941,93.177
31,Other open woodlands,Other forest & woodland,17.447948,13.369111,-4.078837,4.078837,76.623
32,Sparse mallee,Shrubland,3.387004,1.103022,-2.283982,2.283982,32.566
